{
  "users": [
    {
      "id": "1",
      "name": "Aashi",
      "city": "Jaipur",
      "contact": "8436583478"
    },
    {
      "id": "2",
      "name": "Sia",
      "city": "Udaipur",
      "contact": "74856345779"
    },
    {
      "id": "3",
      "name": "John",
      "city": "Hyderabad",
      "contact": "7483248389"
    },
    {
      "name": "Nikhil",
      "city": "jaipur",
      "contact": "9876543211",
      "id": "EvEt7iy"
    },
    {
      "name": "Arjita",
      "city": "2222222222",
      "contact": "fdg",
      "id": "1wDHrEc"
    },
    {
      "name": "fd",
      "city": "2222222222",
      "contact": "fdg",
      "id": "o50sIwZ"
    },
    {
      "city": "987654321",
      "contact": "fdg",
      "name": "khushboo",
      "id": "8LzdQRk"
    },
    {
      "name": "somi",
      "city": "2324324234",
      "contact": "fdg",
      "id": "kb7beTe"
    }
  ]
}